idx,t,sfx,free_search_en
1,0.0,통통 튀는 점프음(추정),cartoon boing bounce
2,1.267,통통 튀는 점프음(추정),cartoon boing bounce
7,16.167,아이 환호(추정),kids laughing cheer short
9,18.3,아이 환호(추정),kids laughing cheer short
14,40.05,빠른 휙 소리(추정),cartoon whoosh fast
15,42.917,빠른 휙 소리(추정),cartoon whoosh fast
21,58.767,쿵·보잉 반동음(추정),cartoon boing bounce
22,66.333,통통 튀는 바운스음(추정),cartoon boing bounce
26,85.733,굴러가는 쿵 소리(추정),
27,90.9,볼풀 공 부딪히는 소리(추정),plastic ball pit rustle
29,100.433,볼풀 공 부딪히는 소리(추정),
30,106.067,,plastic ball pit rustle
31,113.0,공 튀는 소리·아이 웃음(추정),plastic ball pit rustle | kids laughing cheer short
38,135.833,고무 늘어나는 끼익 소리(추정),
39,141.6,스프링 보잉 소리(추정),cartoon boing bounce
40,148.433,아이 웃음(추정),kids laughing cheer short
46,174.133,펑 튕기는 소리+휙(추정),cartoon whoosh fast
48,181.233,물 튀는 소리(추정),water balloon splash
49,181.45,물풍선 터지는 소리(추정),water balloon splash
52,193.0,아이 웃음(추정),kids laughing cheer short
57,213.467,통통 튀는 발소리(추정),
61,215.567,벨크로 떼는 찍 소리(추정),
63,228.0,짧은 강조음(추정),zipper open close
64,230.367,,zipper open close
65,236.167,쿵 착지음(추정),
66,240.233,지퍼 쭉 당기는 소리(추정),zipper open close | air leak hiss deflate
67,242.367,"쉬익 공기 터지는 큰 바람 소리(추정, 대사 없는데 음량 큼)",air leak hiss deflate
68,245.033,바람 소리(추정),
69,246.0,바람 소리(추정),air leak hiss deflate
70,250.3,쉬익 공기 빠지는 소리(추정),air leak hiss deflate
71,254.933,풍선 바람 빠지는 긴 소리(추정),air leak hiss deflate
72,257.467,쉬익 바람(추정),
74,270.067,푹신한 발소리(추정),
76,274.9,풍선 쪼그라드는 소리(추정),air leak hiss deflate
78,280.233,놀람 강조음(추정),
91,324.567,뚜껑 여는 소리·반짝 효과(추정),
96,335.833,반짝 효과음(추정),
100,352.233,지퍼·벨크로 찍 소리(추정),zipper open close
101,358.533,영차 효과음·밝은 음악(추정),
102,364.067,딸깍 맞추는 소리(추정),plastic click snap
103,368.9,아이 웃음소리,
105,376.533,웃음소리,
108,378.217,짠! 효과음(추정),
109,385.5,카드 강조 띵 소리(추정),
110,392.2,카드 강조 띵 소리(추정),
