idx,t_in,t_out,dur,size,angle,camera,who,role,transition,sfx,caption_label,new_line_en,model,img_prompt_en,motion_prompt_en,placeholder
1,0.0,5.467,5.467,LS,eye,static,가족,hook,하드컷(영상 시작),,금지 경고,{DAD}: This is our new ice cream maker. {MOM}: Please don't open it until we come back!,Kling 3.0 Omni (참조 고정),"Wide eye-level shot of a bright living room, {DAD} bending over a cardboard box with a pink-and-blue toy ice cream machine printed on it on a wooden coffee table, {MOM} on the right with a shoulder bag raising one finger in warning, {BOY} and {GIRL} standing on the left looking up, sunny window behind.","{DAD} sets the box down and talks, {MOM} turns toward the door then back and raises her finger, kids stay still and look up; static camera.",0xE0553D
2,5.467,7.333,1.866,LS,eye,static,가족,setup,하드컷(같은 구도 이어짐),,부모 외출,"(optional) {GIRL}: Bye, Mom! Bye, Dad!",Flow Omni Flash (시작+끝 프레임 8초 · 기본),"Same wide living room shot, {DAD} and {MOM} walking out of frame to the right toward the front door, {BOY} and {GIRL} left alone beside the box on the coffee table, warm daylight.","Parents walk briskly to the right and exit frame, kids turn their heads to watch them leave; static camera.",0x505050
3,7.333,7.933,0.6,MCU,eye,static,둘,desire,하드컷,,첫 감탄,(optional) {GIRL}: Ooh!,Flow Omni Flash (시작+끝 프레임 8초 · 기본),"Medium close-up two-shot, {BOY} and {GIRL} leaning on a coffee table, a cardboard box with a colorful toy ice cream machine on the left foreground, {GIRL} cupping her cheeks with both hands in awe, {BOY} grinning, soft warm lamp light.","{GIRL} blinks and presses her hands to her cheeks, {BOY} leans closer smiling; static camera.",0xF2A33A
4,7.933,11.233,3.3,MCU,eye,static,둘,desire,하드컷(같은 구도),,기계 감탄,"{GIRL}: Wow, it has every color of the rainbow!",Flow Omni Flash (시작+끝 프레임 8초 · 기본),"Medium close-up of {GIRL} with hands on her cheeks and sparkling eyes next to grinning {BOY}, both staring at a toy ice cream machine with six colorful nozzles on a box to the left, warm indoor light.","{GIRL} speaks excitedly while holding her cheeks, {BOY} nods and grins; static camera.",0xF2A33A
5,11.233,13.2,1.967,MCU,eye,static,둘,desire,하드컷(같은 구도),,멋지다,{BOY}: It is so awesome!,Flow Omni Flash (시작+끝 프레임 8초 · 기본),"Medium close-up two-shot of {BOY} and {GIRL} with round open mouths in amazement, looking at a pink-and-blue toy ice cream machine on a box at left, cozy living room blurred behind.",Both kids gasp with round mouths and lean in slightly; static camera.,0xF2A33A
6,13.2,13.633,0.433,LS,eye,static,둘,setup,하드컷,,개봉 시작,(optional) {BOY}: Let's open it!,Flow Omni Flash (시작+끝 프레임 8초 · 기본),"Wide eye-level shot of {BOY} pulling tape off a cardboard box on the rug while {GIRL} clasps her hands excitedly beside him, beige sofa and coffee table behind, soft daylight.","{BOY} yanks the tape strip upward, {GIRL} bounces on her toes; static camera.",0x505050
7,13.633,16.033,2.4,LS,eye,static,Henry,desire,하드컷(같은 구도),,기다리기 싫어,{BOY}: Mom and Dad are too slow. I can't wait!,Flow Omni Flash (시작+끝 프레임 8초 · 기본),"Wide shot of {BOY} with eyes closed and a smug face ripping tape off a cardboard box, {GIRL} clasping her hands and smiling on the right, bright living room with sofa and bookshelf.","{BOY} talks with a confident head tilt while peeling tape, {GIRL} sways happily; static camera.",0xF2A33A
8,16.033,16.367,0.334,LS,eye,static,Henry,setup,하드컷(마이크로 점프),,으쓱,(optional) {BOY}: Hmph!,편집 효과만,"Wide shot of {BOY} standing with hands on hips and eyes closed, chin up proudly, next to an opened cardboard box, {GIRL} smiling beside him in a sunny living room.",{BOY} puffs his chest and lifts his chin; static camera.,0x505050
9,16.367,19.2,2.833,LS,eye,static,Henry,setup,하드컷(같은 구도),,나만 믿어,{BOY}: Building it is super easy. Watch this!,Flow Omni Flash (시작+끝 프레임 8초 · 기본),"Wide shot of {BOY} flinging open the flaps of a cardboard box with arms spread wide and a confident grin, {GIRL} giggling with clasped hands on the right, cozy living room.","{BOY} flips the box flaps open and spreads his arms like a showman, {GIRL} laughs; static camera.",0x505050
10,19.2,20.3,1.1,LS,eye,static,둘,setup,하드컷(같은 구도),,신남,(optional) {GIRL}: Yay!,Flow Omni Flash (시작+끝 프레임 8초 · 기본),"Wide shot of {BOY} with open arms beside an open cardboard box and {GIRL} laughing with eyes shut and hands together, sunny living room with beige sofa.",Kids bounce with excitement around the open box; static camera.,0x505050
11,20.3,27.5,7.2,MLS,top,static,둘,setup,하드컷,플라스틱 부품 와르르(추정),다 쏟아,{GIRL}: Pour everything out! Let's build it now!,Flow Omni Flash (시작+끝 프레임 8초 · 기본),"Top-down shot of a patterned rug, {BOY} and {GIRL} kneeling on each side lifting an upside-down cardboard box, colorful toy parts (gears, cones, cups, screws) spilling out onto the rug.","Kids lift and shake the box, parts tumble out and spread across the rug; static overhead camera, fade to black at the end.",0x505050
12,27.5,31.567,4.067,MS,eye,static,둘,conflict,암전 페이드인,,설명서 쟁탈,{BOY}: Give me that! I can read. You're too little!,Flow Omni Flash (시작+끝 프레임 8초 · 기본),"Medium shot of {BOY} and {GIRL} in a tug-of-war over an assembly instruction sheet, both frowning, scattered colorful toy parts on the rug, pink machine base at left, living room sofa behind.","Both kids pull the paper back and forth, {BOY} shouts at {GIRL}; static camera, fade in from black.",0xD6345B
13,31.567,33.333,1.766,MCU,eye,static,둘,obstacle,하드컷,종이 찢는 소리(추정),찢어짐,(optional) {GIRL}: Oh no!,Veo 3.1,"Medium close-up of an instruction sheet ripping in half between {GIRL} on the left and {BOY} on the right, small paper scraps flying, colorful screws and bolts scattered on the carpet.","The paper tears down the middle, scraps flutter in the air, both kids stumble back holding a half each; static camera.",0x8E5BD6
14,33.333,35.333,2.0,MS,eye,static,둘,conflict,하드컷,,네가 찢었어,"{GIRL}: Hmph. Look, you tore it!",Flow Omni Flash (시작+끝 프레임 8초 · 기본),"Medium shot of {GIRL} sitting cross-legged with arms folded and puffed cheeks, {BOY} beside her frowning at a torn half of a paper, plastic tubes and parts on the carpet in front, beige sofa behind.","{GIRL} huffs and turns her head away, {BOY} glares at the torn paper; static camera.",0xD6345B
15,35.333,37.767,2.434,MS,eye,static,Lily,conflict,하드컷(같은 구도),,혼자 해,"{GIRL}: Fine! Build it all by yourself, then!",Flow Omni Flash (시작+끝 프레임 8초 · 기본),"Medium shot of pouting {GIRL} with folded arms speaking sharply, {BOY} sulking beside her holding a crumpled torn sheet, toy parts scattered on the rug.","{GIRL} scolds without looking at {BOY}, he frowns deeper; static camera.",0xD6345B
16,37.767,40.233,2.466,MS,eye,static,둘,conflict,하드컷(같은 구도),,냉전,(optional) {BOY}: Humph.,Flow Omni Flash (시작+끝 프레임 8초 · 기본),"Medium shot of {GIRL} and {BOY} sitting side by side ignoring each other, arms crossed, side-eye glances, toy parts around them on the carpet.",Both kids glance sideways at each other then look away; static camera.,0xD6345B
17,40.233,45.933,5.7,MS,high,static,둘,conflict,하드컷,,방향 싸움,{BOY}: Don't spin it! The big side is the front. {GIRL}: No! The stars go on this side!,Flow Omni Flash (시작+끝 프레임 8초 · 기본),"Slightly high-angle medium shot of {BOY} and {GIRL} kneeling on a carpet around a blue plastic base frame, {BOY} holding a toy screwdriver and raising his other palm, {GIRL} pressing the base with a frown, pink side panels with yellow stars and loose screws around.","{BOY} turns the base with the screwdriver and says stop, {GIRL} pushes it back the other way; static camera.",0xD6345B
18,45.933,50.4,4.467,MS,eye,static,둘,conflict,하드컷,플라스틱 끌리는 소리(추정),놔!,{BOY}: Let it go! You have it the wrong way!,MiniMax H3 (과장 표정),"Medium shot of {BOY} and {GIRL} tugging a blue plastic machine base between them, gritted teeth and angry eyebrows, colorful screws on the rug, warm living room wall behind.","Both kids yank the base back and forth, the base wobbles, {BOY} shouts; slight handheld shake.",0xD6345B
19,50.4,50.567,0.167,MS,eye,static,둘,conflict,하드컷,,전환 조각,(no line — keep silent),편집 효과만,"Medium shot of {GIRL} pushing a pink strawberry nozzle into a pink toy machine body while {BOY} holds a brown chocolate nozzle up, both glaring, living room sofa behind.",Tiny continuation of the push; static camera.,0xD6345B
20,50.567,53.4,2.833,MS,eye,static,Lily,conflict,하드컷(같은 구도),,딸기가 가운데,{GIRL}: The pink one goes in the center!,Flow Omni Flash (시작+끝 프레임 8초 · 기본),"Medium shot of determined {GIRL} kneeling and pushing a pink strawberry-shaped nozzle into the middle hole of a pink toy machine body, {BOY} on the right frowning and raising a brown chocolate nozzle, sofa and plant behind.","{GIRL} shoves the pink nozzle in while speaking, {BOY} leans in angrily; static camera.",0xD6345B
21,53.4,56.667,3.267,MS,eye,static,둘,conflict,하드컷(같은 구도),,힘겨루기,(optional) {GIRL}: Stop pushing!,Flow Omni Flash (시작+끝 프레임 8초 · 기본),"Medium shot of {BOY} reaching to push {GIRL}'s hand away from a pink nozzle on a toy machine body, {GIRL} resisting with puffed cheeks, sofa in soft focus.",Hands push against each other over the machine; static camera.,0xD6345B
22,56.667,61.133,4.466,MS,eye,static,Henry,conflict,하드컷,,초콜릿이 최고,{BOY}: No way! Chocolate is the best. It goes in the middle!,Flow Omni Flash (시작+끝 프레임 8초 · 기본),"Eye-level medium shot framed through a pink toy machine arch in the foreground, {BOY} on the left raising a brown chocolate nozzle, {GIRL} on the right clutching a pink strawberry nozzle with red angry cheeks, blue base and scattered cups on the carpet.","{BOY} waves the chocolate nozzle while arguing, {GIRL} grits her teeth; static camera.",0xD6345B
23,61.133,61.233,0.1,MS,eye,static,둘,conflict,하드컷(마이크로 점프),,전환 조각,(no line — keep silent),편집 효과만,"Same frame-in-frame shot through a pink toy machine arch, {BOY} and {GIRL} glaring at each other holding colored nozzles.",A split-second hold; static camera.,0xD6345B
24,61.233,63.833,2.6,INSERT,low,static,Henry,obstacle,하드컷,부품 튀는 딸그락 소리(추정),부품 걷어참,(no line — keep silent),Veo 3.1,"Low-angle floor-level insert, a child's white sneaker kicking a blue plastic parts tray on a wooden floor, springs, colorful screws, a black rubber ring and a blue pin flying out, half-built pink toy machine and coffee table legs in the background.","The sneaker kicks the tray, it flips and parts scatter across the floor; static low camera.",0x8E5BD6
25,63.833,66.967,3.134,INSERT,low,static,기타,obstacle,하드컷,작은 부품 굴러가는 소리(추정),사라진 부품,(no line — keep silent),Veo 3.1,"Low-angle shot from under a dark sofa, a black rubber seal ring and a blue plastic safety pin sliding across the wooden floor into the shadow, tiny dust puff, children's feet blurred in the bright room behind.",The ring rolls and the pin skids to a stop under the sofa; static camera.,0x8E5BD6
26,66.967,67.567,0.6,MLS,eye,static,둘,setup,하드컷,,혼자 조립,(optional) {BOY}: Almost done.,Flow Omni Flash (시작+끝 프레임 8초 · 기본),"Medium-long shot of {BOY} fitting colorful nozzles onto a pink-and-blue toy ice cream machine on the rug, {GIRL} standing on the right with folded arms looking away, bright window and sofa behind.","{BOY} twists a nozzle into place, {GIRL} taps her foot; static camera.",0x505050
27,67.567,71.5,3.933,MLS,eye,static,Henry,obstacle,하드컷(같은 구도),,부품 무시,{BOY}: We don't need those little pieces. It will be fine!,Flow Omni Flash (시작+끝 프레임 8초 · 기본),"Medium-long shot of carefree {BOY} shrugging and waving his hands beside a pink-and-blue toy ice cream machine, {GIRL} with folded arms giving a doubtful look, sunny living room.","{BOY} shrugs and flicks his hands dismissively while talking, {GIRL} rolls her eyes; static camera.",0x8E5BD6
28,71.5,73.267,1.767,MLS,eye,static,둘,obstacle,하드컷(같은 구도),플라스틱 삐걱(추정),기우뚱,(optional) {GIRL}: It's wobbly...,Flow Omni Flash (시작+끝 프레임 8초 · 기본),"Medium-long shot of a pink-and-blue toy ice cream machine tilting and wobbling as {BOY} leans on it with a sheepish smile, {GIRL} with folded arms frowning, sunny living room.","The machine rocks to one side and back, {BOY} steadies it awkwardly; static camera.",0x8E5BD6
29,73.267,79.167,5.9,MS,eye,static,둘,conflict,하드컷,,드라이버 줘,{GIRL}: My turn with the screwdriver! I want to do my side!,Flow Omni Flash (시작+끝 프레임 8초 · 기본),"Medium shot of smug {BOY} hiding a yellow toy screwdriver behind his back, {GIRL} reaching for it with an angry face, pink-and-blue toy machine at the right, soft carpet.","{GIRL} grabs toward the screwdriver while talking, {BOY} twists away grinning; static camera.",0xD6345B
30,79.167,81.233,2.066,MS,eye,static,Henry,conflict,하드컷,,넌 약해,{BOY}: Your hands are too small for this.,Flow Omni Flash (시작+끝 프레임 8초 · 기본),"Medium shot of {BOY} squatting and tightening a screw on the side of a pink toy machine with a yellow screwdriver, smug face, {GIRL} standing in the background with red angry cheeks, beige sofa behind.","{BOY} twists the screwdriver while talking over his shoulder, {GIRL} clenches her fists; static camera.",0xD6345B
31,81.233,84.367,3.134,MS,eye,static,Henry,conflict,하드컷(같은 구도),발 구르는 소리(추정),물러서,{BOY}: You will break the screws. Step back!,Flow Omni Flash (시작+끝 프레임 8초 · 기본),"Medium shot of grinning {BOY} tightening screws on a pink toy machine, {GIRL} stomping her foot in the background with a red furious face, living room sofa behind.","{BOY} smirks and keeps working, {GIRL} stamps her foot; static camera.",0xD6345B
32,84.367,86.6,2.233,MS,eye,static,둘,conflict,하드컷(같은 구도),,씩씩,(optional) {GIRL}: Grrr!,Flow Omni Flash (시작+끝 프레임 8초 · 기본),"Medium shot of pleased {BOY} tightening a screw, {GIRL} behind him huffing with bright red cheeks and clenched fists, sofa in the background.","{GIRL} huffs and her shoulders rise, {BOY} hums while working; static camera.",0xD6345B
33,86.6,89.233,2.633,MS,eye,static,Lily,conflict,하드컷,,너 필요 없어,{GIRL}: I can do it without you!,Flow Omni Flash (시작+끝 프레임 8초 · 기본),"Medium shot of determined {GIRL} sitting on the carpet pushing a pink toy spoon into the white and blue gears of an open pink machine panel on the right, loose gears on the floor, window curtains behind.",{GIRL} jabs the spoon at the gears while muttering; static camera.,0xD6345B
34,89.233,92.7,3.467,MS,eye,static,Lily,obstacle,하드컷(같은 구도),플라스틱 긁히는 소리(추정),숟가락 공구,{GIRL}: My spoon will push the gears in!,Flow Omni Flash (시작+끝 프레임 8초 · 기본),"Medium shot of {GIRL} forcefully shoving a pink toy spoon between plastic gears on a pink machine panel, tongue-out concentration, gears scattered on the carpet, sunlit curtains.","{GIRL} pushes hard with the spoon, the gears jolt; static camera.",0x8E5BD6
35,92.7,93.0,0.3,MS,eye,static,Lily,obstacle,하드컷(마이크로 점프),,꾹,(optional) {GIRL}: Hnnng!,편집 효과만,"Medium shot of {GIRL} pressing hard with a pink toy spoon on plastic gears of a pink machine, frowning with effort, carpet and curtains behind.",One hard push with the spoon; static camera.,0x8E5BD6
36,93.0,95.1,2.1,ECU,eye,static,Lily,obstacle,하드컷,기어 깨지는 딱 소리(추정),기어 파손,(no line — keep silent),Veo 3.1,"Extreme close-up inside a pink toy machine, a pink plastic spoon pressing against a white gear next to a mint gear, gear teeth chipping with tiny white plastic flakes falling, shallow depth of field.","The spoon grinds against the gear, teeth crack and flakes drop; static macro camera.",0x8E5BD6
37,95.1,95.333,0.233,MCU,eye,static,둘,conflict,하드컷,,전환 조각,(no line — keep silent),편집 효과만,"Medium close-up of {GIRL} hugging clear topping tubes and {BOY} reaching for one over the top of a pink toy machine, both frowning, bright room.",A split-second reach; static camera.,0xD6345B
38,95.333,97.333,2.0,MCU,eye,static,둘,conflict,하드컷(같은 구도),,내 거야,{GIRL}: Hey! Those tubes are mine!,Flow Omni Flash (시작+끝 프레임 8초 · 기본),"Medium close-up two-shot above a pink toy machine top, {GIRL} on the left hugging clear topping tubes with a shouting face, {BOY} on the right snatching one tube high in the air, sunny window behind.","{BOY} lifts a tube away, {GIRL} protests loudly; static camera.",0xD6345B
39,97.333,99.767,2.434,MCU,eye,static,Lily,conflict,하드컷(같은 구도),,엄마가 그랬어,{GIRL}: Mom said the toppings are my job!,Flow Omni Flash (시작+끝 프레임 8초 · 기본),"Medium close-up of {GIRL} pointing a finger at {BOY} while hugging topping tubes, {BOY} holding a tube up out of reach with a stubborn frown, pink machine top in the foreground.","{GIRL} jabs her finger while talking, {BOY} keeps the tube raised; static camera.",0xD6345B
40,99.767,100.8,1.033,MS,high,static,둘,conflict,하드컷,,통 꽂기,(optional) {BOY}: In it goes!,Flow Omni Flash (시작+끝 프레임 8초 · 기본),"Slightly high-angle medium shot, a pink machine top plate with clear tubes in the diagonal foreground, {BOY} pressing a tube down into a hole, {GIRL} standing sadly on the right, patterned rug and sofa behind.","{BOY} pushes a tube down firmly, {GIRL} watches with a pout; static camera.",0xD6345B
41,100.8,106.967,6.167,MS,high,static,둘,conflict,하드컷(같은 구도),,내가 더 커,"{BOY}: I'm bigger, so I can push harder! {GIRL}: That's not how you do it!",Flow Omni Flash (시작+끝 프레임 8초 · 기본),"Slightly high-angle medium shot of {BOY} pushing clear tubes into a pink machine top while {GIRL} reaches out to stop him with a worried frown, {BOY} ending with hands on hips, rug and sofa behind.","{BOY} brags and pushes, {GIRL} reaches and complains, {BOY} puts hands on hips; static camera.",0xD6345B
42,106.967,113.7,6.733,MS,eye,static,둘,conflict,하드컷,,내가 먼저,{GIRL}: I got the blue handle first! I get to put it on!,Flow Omni Flash (시작+끝 프레임 8초 · 기본),"Medium shot of {GIRL} kneeling and holding a big blue crank handle with a teasing smile, {BOY} on all fours reaching for it, open cardboard box, crumpled packing paper and loose screws on the rug, sofa behind.","{GIRL} lifts the handle proudly, {BOY} grabs the other end and both giggle while pulling; static camera.",0xD6345B
43,113.7,115.0,1.3,ECU,eye,static,둘,twist,하드컷,플라스틱 뚝 부러지는 소리(추정),뚝!,(optional) {BOY}&{GIRL}: Uh-oh!,Veo 3.1,"Extreme close-up of two small children's hands pulling a blue plastic crank handle in opposite directions, a crack splitting it in the middle with blue shards flying, blurred pink toy machine and carpet behind.","Hands tug, the handle snaps in two, shards burst out; static camera.",0x2F6FD6
44,115.0,122.133,7.133,MS,eye,static,둘,twist,하드컷,,엄마한테 비밀,{BOY}: Shh! Don't tell Mom. Just push it in. It will hold.,Flow Omni Flash (시작+끝 프레임 8초 · 기본),"Medium shot of {BOY} sitting cross-legged holding a finger to his lips while jamming a cracked blue crank handle into the side of a pink toy ice cream machine, worried {GIRL} clasping her hands on the left, sofa behind.","{BOY} shushes, then forces the handle in with a wiggle, {GIRL} bites her lip; static camera.",0x2F6FD6
45,122.133,128.567,6.434,MS,eye,static,둘,obstacle,하드컷,뚜껑 눌러 닫는 소리(추정),비뚤어졌어,{GIRL}: It's not straight! {BOY}: It's okay. We're all finished!,Flow Omni Flash (시작+끝 프레임 8초 · 기본),"Medium shot of a pink toy machine with its lid sticking up crooked showing gears and springs inside, {GIRL} pointing at it with a worried face, {BOY} grinning and pushing the lid down, bright living room.","{GIRL} points and warns, {BOY} presses the lid shut with both hands; static camera.",0x8E5BD6
46,128.567,135.583,7.016,LS,eye,static,둘,setup,하드컷,짜잔 효과음(추정),완성!,{BOY}: Ta-da! Our machine is done! Let's get some snacks!,Flow Omni Flash (시작+끝 프레임 8초 · 기본),"Wide shot of a finished pink-and-blue toy ice cream machine with clear tubes on a wooden coffee table, {BOY} on the left and {GIRL} on the right jumping with both arms raised and eyes closed in joy, bookshelves behind.","Both kids jump and cheer, arms up; static camera, fade to black at the end.",0x505050
47,135.583,138.467,2.884,LS,eye,static,둘,setup,암전 페이드인,,재료 챙기기,"{BOY}: Get the jam, the chocolate, and the milk!",Flow Omni Flash (시작+끝 프레임 8초 · 기본),"Wide shot of a bright white kitchen, a tall fridge standing open on the left, {BOY} running with a milk carton and a jar of strawberry jam, {GIRL} carrying a small basket full of candies and gummy bears, wooden floor.","Kids hurry across the kitchen with their arms full; static camera, fade in from black.",0x505050
48,138.467,142.767,4.3,LS,eye,static,둘,obstacle,하드컷(같은 구도),,서둘러,"{GIRL}: Quick, before Mom comes home!",Flow Omni Flash (시작+끝 프레임 8초 · 기본),"Wide shot of the same bright kitchen with the open fridge, {BOY} and {GIRL} hurrying toward the right with milk, jam and a candy basket, excited guilty grins.",Kids speed-walk out of frame to the right; static camera.,0x8E5BD6
49,142.767,147.5,4.733,INSERT,high,static,둘,obstacle,하드컷,끈적한 잼 소리(추정),과적 시작,"{BOY}: Jam goes in this one, and a big chocolate bar goes in that one!",Flow Omni Flash (시작+끝 프레임 8초 · 기본),"High-angle insert of a pink toy machine top, a child's hand spooning red strawberry jam into a clear tube full of gummy bears on the left, another child's hands forcing a whole chocolate bar into the tube on the right, jam dripping.","Jam drips from the spoon, the chocolate bar is pushed down into the tube; static camera.",0x8E5BD6
50,147.5,147.633,0.133,INSERT,high,static,둘,obstacle,하드컷(마이크로 점프),,전환 조각,(no line — keep silent),편집 효과만,Same high-angle insert of jam and a chocolate bar being pushed into clear tubes on a pink toy machine.,A split-second hold; static camera.,0x8E5BD6
51,147.633,147.733,0.1,MS,eye,static,둘,obstacle,하드컷,,전환 조각,(no line — keep silent),편집 효과만,"Medium shot behind five clear tubes on a pink machine top, {GIRL} pouring condensed milk from a can and {BOY} pouring green powder and rainbow sprinkles from bags, bookshelf behind.",A split-second pour; static camera.,0x8E5BD6
52,147.733,151.2,3.467,MS,eye,static,둘,obstacle,하드컷(같은 구도),가루·스프링클 쏟아지는 소리(추정),몽땅 넣기,"{GIRL}: Milk, green tea powder, and lots and lots of sprinkles!",Flow Omni Flash (시작+끝 프레임 8초 · 기본),"Medium shot behind a row of five clear tubes filled with jam and gummy bears, a chocolate bar, milk, green powder and rainbow sprinkles, {GIRL} pouring milk from a can and {BOY} pouring green powder and sprinkles from bags, cozy living room behind.","Milk streams in, green powder and sprinkles pour down, kids giggle; static camera.",0x8E5BD6
53,151.2,154.167,2.967,MS,eye,static,둘,obstacle,하드컷(같은 구도),,꽉 채워,{BOY}: Fill them all the way up!,Flow Omni Flash (시작+끝 프레임 8초 · 기본),"Medium shot of {GIRL} and {BOY} happily overfilling clear tubes on a pink machine top, ending with both smiling with closed eyes, spilled sprinkles on the machine, living room behind.","Kids keep pouring, then pause and smile with satisfaction; static camera.",0x8E5BD6
54,154.167,156.067,1.9,INSERT,eye,static,기타,obstacle,하드컷,유리 금 가는 소리(추정),통에 금,(no line — keep silent),Veo 3.1,"Eye-level insert of five overfilled clear tubes on a pink machine top, gummy bears with jam, a whole chocolate bar pushing the lid up and cracking its tube, milk, green powder, rainbow sprinkles, a drop of jam on the pink surface.","Crack lines spread across the chocolate tube, its lid pops up, jam drips down; static camera.",0x8E5BD6
55,156.067,157.533,1.466,MS,eye,static,둘,obstacle,하드컷,,눌러!,{BOY}: Push it down!,Flow Omni Flash (시작+끝 프레임 8초 · 기본),"Medium shot of {BOY} and {GIRL} kneeling on a sofa on both sides of a pink toy machine on a coffee table, pressing down its overfilled tube tray with gritted teeth, bookshelf behind.","Both kids push down hard, arms shaking; static camera.",0x8E5BD6
56,157.533,160.233,2.7,MS,eye,static,둘,obstacle,하드컷(같은 구도),플라스틱 끼익(추정),힘껏,{BOY}: Push really hard so it clicks shut!,Flow Omni Flash (시작+끝 프레임 8초 · 기본),"Medium shot of {BOY} and {GIRL} straining to push the lid of an overfilled pink toy machine, faces scrunched with effort, sofa cushions behind.",Kids lean their whole weight onto the lid; static camera.,0x8E5BD6
57,160.233,162.1,1.867,MS,eye,static,둘,obstacle,하드컷(같은 구도),,끙끙,(optional) {GIRL}: Mmmph!,Flow Omni Flash (시작+끝 프레임 8초 · 기본),"Medium shot of {BOY} and {GIRL} silently pressing down on a pink toy machine lid with puffed cheeks, warm living room.","Kids hold the push, trembling slightly; static camera.",0x8E5BD6
58,162.1,164.1,2.0,ECU,eye,static,기타,obstacle,하드컷,스프링 삐걱·금 가는 소리(추정),압력 쌓임,(no line — keep silent),Veo 3.1,"Extreme close-up inside a pink toy machine, a large tightly compressed metal spring lying sideways under a row of filled tubes, a white gear on the right, thin cracks spreading across the blue plastic floor, warm side light.",The spring squeezes tighter and cracks creep across the blue base; slow static shot.,0x8E5BD6
59,164.1,165.667,1.567,MS,eye,static,Lily,desire,하드컷,,준비!,{GIRL}: Ready? Here it comes!,Flow Omni Flash (시작+끝 프레임 8초 · 기본),"Medium shot of excited {GIRL} leaning over a pink-and-blue toy ice cream machine, gripping a blue crank handle on its side, a small pink dessert cup under the nozzles, sofa behind.",{GIRL} grips the handle and bounces with excitement; static camera.,0xF2A33A
60,165.667,168.233,2.566,MS,eye,static,Lily,desire,하드컷(같은 구도),,나온다!,{GIRL}: Yummy ice cream is on the way!,Flow Omni Flash (시작+끝 프레임 8초 · 기본),"Medium shot of {GIRL} smiling and starting to turn a blue crank handle on a pink toy ice cream machine, eyes on the nozzles above a pink cup, cozy living room.",{GIRL} talks excitedly and begins turning the handle; static camera.,0xF2A33A
61,168.233,168.567,0.334,MS,eye,static,Lily,desire,하드컷(마이크로 점프),,돌려!,(optional) {GIRL}: Round and round!,편집 효과만,"Medium shot of smiling {GIRL} turning a blue crank on a pink toy ice cream machine, pink cup under the nozzles.",One quick crank turn; static camera.,0xF2A33A
62,168.567,168.9,0.333,CU,eye,static,Lily,obstacle,하드컷,,어라?,(optional) {GIRL}: Huh?,Flow Omni Flash (시작+끝 프레임 8초 · 기본),"Close-up of {GIRL} gripping a blue crank handle on the side of a pink toy machine with a clear window showing blue gears inside, her cheeks puffed with effort, blurred sofa behind.","{GIRL} pulls the handle, it barely moves; static camera.",0x8E5BD6
63,168.9,172.467,3.567,CU,eye,static,Lily,obstacle,하드컷(같은 구도),기어 걸리는 딱딱 소리(추정),손잡이 걸림,{GIRL}: Wait... the blue handle won't move at all!,MiniMax H3 (과장 표정),"Close-up of worried {GIRL} straining at a stuck blue crank handle on a pink toy machine, clear side window with gears, her face shifting from a smile to a worried frown, soft living room blur.","{GIRL} yanks the handle, squeezes her eyes shut, then looks up worried; static camera.",0x8E5BD6
64,172.467,174.2,1.733,CU,eye,static,Lily,obstacle,하드컷(같은 구도),,어떡해,(optional) {GIRL}: Uh-oh...,Flow Omni Flash (시작+끝 프레임 8초 · 기본),"Close-up of {GIRL} with drooping worried eyebrows wiggling a stuck blue crank handle on a pink toy machine, gears visible through a clear window.",{GIRL} jiggles the handle helplessly; static camera.,0x8E5BD6
65,174.2,174.8,0.6,MLS,eye,static,둘,conflict,하드컷,,비켜,(optional) {BOY}: Let me do it!,Flow Omni Flash (시작+끝 프레임 8초 · 기본),"Medium-long shot of {BOY} grabbing the blue crank of a pink toy ice cream machine on a coffee table, {GIRL} stepping back on the right with folded arms and a sulky face, sofa behind.","{BOY} steps in and grabs the crank, {GIRL} backs away; static camera.",0xD6345B
66,174.8,178.467,3.667,MLS,eye,static,Henry,climax,하드컷(같은 구도),기어 끼익(추정),넌 못 해,{BOY}: Move! You always mess everything up!,Flow Omni Flash (시작+끝 프레임 8초 · 기본),"Medium-long shot of angry {BOY} forcing the blue crank of a pink toy ice cream machine with his whole body, {GIRL} standing with folded arms and a hurt pout, the machine shaking on the coffee table, sofa behind.","{BOY} shouts and cranks hard, the machine rattles; static camera.",0xB02A2A
67,178.467,181.367,2.9,MLS,eye,static,둘,climax,하드컷(같은 구도),기계 덜컹(추정),덜컹,(optional) {BOY}: Come on... turn!,Flow Omni Flash (시작+끝 프레임 8초 · 기본),"Medium-long shot of {BOY} cranking the handle so hard that the pink toy ice cream machine tilts on the coffee table, overfilled tubes wobbling, {GIRL} turning her face away with folded arms.","The machine lurches and tilts, tubes rattle, {BOY} keeps cranking; static camera.",0xB02A2A
68,181.367,183.433,2.066,ECU,eye,handheld,기타,climax,하드컷,플라스틱 쩍 갈라지는 소리(추정),터지기 직전,(no line — keep silent),Veo 3.1,"Extreme close-up of a cracked pink plastic lid lifting off a blue toy machine body, a blue spring visible under it, strawberry jam, milk and bubbling green goo oozing out of the cracks, tilted clear tubes on top, shaking motion lines.","The lid trembles and splits wider, goo bubbles and spills over the edges; handheld shake building up.",0xB02A2A
69,183.433,186.767,3.334,LS,eye,static,둘,climax,하드컷,스프링 튕김 + 펑 폭발음(추정),기계 폭발,(no line — explosion sound only),Veo 3.1,"Wide eye-level shot of a sunny living room, a pink-and-blue toy ice cream machine on a wooden coffee table bursting open, its lid launched upward on a metal spring, chocolate, strawberry, milk and green-tea cream spraying in arcs, {BOY} at far left and {GIRL} at far right covering their heads in shock, sofa and bookshelf behind","The lid shoots up on the spring, colored cream bursts out in every direction, the two kids flinch and duck, green smoke puffs out, static camera",0xB02A2A
70,186.767,189.0,2.233,INSERT,low,static,기타,climax,하드컷,슬로모션 휘잉 + 찰싹 튀는 소리(추정),맛 폭발,(no line — slow whoosh only),Veo 3.1,"Extreme close-up macro of thick ribbons of chocolate, vanilla, strawberry and green-tea cream twisting upward in mid-air, colorful gummy bears and rainbow sprinkles flying diagonally, soft blurred living room wall behind, shallow depth of field","Slow-motion cream ribbons swirl upward and splash into crown shapes, gummy bears tumble through the frame, static camera",0xB02A2A
71,189.0,191.8,2.8,LS,low,tilt,기타,climax,하드컷,찰싹 스플랫 연타(추정),온 집 난장판,(no line — splat sounds only),Flow Omni Flash (시작+끝 프레임 8초 · 기본),"Low-angle view of a living room ceiling splattered with chocolate, strawberry and green cream, drips hanging down, cream-colored curtains stained with pink goo, gummy bears stuck on the white walls, bright window light","Camera tilts down from the dripping ceiling past the stained curtains to a sofa covered in goo, a green blob flies past and sticks to the wall",0xB02A2A
72,191.8,195.267,3.467,MS,eye,static,둘,climax,하드컷,아이 비명(대사),비명,{GIRL}: Oh no! It is going everywhere!,MiniMax H3 (과장 표정),"Medium two-shot at eye level, {BOY} on the left gripping his hair with both hands, {GIRL} on the right screaming with pink cream smeared on her nose and cheeks, both facing camera, living room wall behind covered in dripping chocolate, pink and green goo","Both kids scream in panic, the boy clutches his head, the girl's shoulders shake, goo keeps dripping down the wall, static camera",0xB02A2A
73,195.267,197.2,1.933,LS,top,static,기타,climax,하드컷,,폭발 흔적,(no line — quiet pause),정지 이미지 + 편집 줌,"Top-down overhead view of a patterned rug, a pink-and-blue toy ice cream machine tipped over at the bottom center, chocolate, pink, white and green cream splattered outward in a star shape, sprinkles and gummy bears scattered, wooden floor edges","Almost still overhead shot, a last drip of chocolate slides off the machine, very slow push-in",0xB02A2A
74,197.2,202.967,5.767,MLS,eye,static,Henry,climax,하드컷,미끄러짐 스퀴시 + 쿵 엉덩방아(추정),꽈당,{BOY}: Whoa! The floor is so sticky!,Kling 3.0,"Medium-long shot at eye level, {BOY} with chocolate dripping from his hair losing balance on a chocolate puddle, arms flailing, one sneaker lifted, toy ice cream machine on the coffee table behind at left, sofa covered in dripping pink and green goo","The boy slips on the puddle, waves his arms, and lands on his bottom with a splash, static camera",0xB02A2A
75,202.967,203.933,0.966,MCU,eye,static,Lily,twist,하드컷,쪽 빠는 소리(추정),몰래 맛보기,"{GIRL}: Hmm, wait a second...",Flow Omni Flash (시작+끝 프레임 8초 · 기본),"Medium close-up of {GIRL} licking pink cream off her finger, eyes glancing sideways, pink smudges on her cheek and nose, toy ice cream machine on the table at right, goo-covered sofa behind","She licks her finger, glances aside, then closes her eyes and savors the taste, static camera",0x2F6FD6
76,203.933,206.833,2.9,MCU,eye,static,Lily,twist,없음(같은 샷 계속),,그래도 맛있어,{GIRL}: But yum! It is really sweet!,Flow Omni Flash (시작+끝 프레임 8초 · 기본),"Medium close-up of {GIRL} smiling widely with a finger near her lips, pink cream smudges on cheek and nose, toy ice cream machine at right, goo-covered living room behind","She smiles, taps her lips and speaks happily, small head tilt, static camera",0x2F6FD6
77,206.833,207.9,1.067,MCU,eye,static,Lily,twist,없음(같은 샷 계속),킥킥 웃음(추정),행복 웃음,(no line — giggle only),Flow Omni Flash (시작+끝 프레임 8초 · 기본),"Medium close-up of {GIRL} giggling with eyes squeezed shut, rosy cheeks with pink cream smudges, toy ice cream machine at right, goo-covered sofa behind","She giggles happily, shoulders bouncing, static camera",0x2F6FD6
78,207.9,210.033,2.133,MS,eye,static,Henry,conflict,하드컷,쿵쿵 발소리(추정),먹지 마!,{BOY}: Hey! Do not eat that!,MiniMax H3 (과장 표정),"Medium shot at eye level, angry {BOY} stomping toward the camera and pointing to the right, chocolate on his hair, walls behind covered in dripping pink, chocolate and green goo with gummy bears","He marches forward with heavy steps, stops, and jabs his finger to the right while shouting, static camera",0xD6345B
79,210.033,213.867,3.834,MS,eye,static,Henry,conflict,없음(같은 샷 계속),,네 탓이야,{BOY}: You broke the handle! You did it!,MiniMax H3 (과장 표정),"Medium shot of {BOY} glaring and pointing hard to the right, mouth open mid-shout, chocolate on his hair, goo-dripping wall and curtains behind","He shouts and shakes his pointing finger, eyebrows furrowed, static camera",0xD6345B
80,213.867,214.1,0.233,MS,eye,static,Henry,conflict,없음(같은 샷 계속),,노려봄,(no line),편집 효과만,"Medium shot of {BOY} frozen mid-point with an angry glare, goo-covered wall behind","Hold the angry pose, static camera",0xD6345B
81,214.1,216.0,1.9,MS,eye,static,Lily,conflict,하드컷,,되받아치기,{GIRL}: No way! You did it!,MiniMax H3 (과장 표정),"Medium shot at eye level, {GIRL} on the left third with one arm crossed, pointing at someone off-screen with a frown, pink cream dots on her cheeks, toy ice cream machine leaking goo on the table at right, sofa behind","She points and argues back with a pout, static camera",0xD6345B
82,216.0,219.767,3.767,MS,eye,static,Lily,conflict,없음(같은 샷 계속),,나사 탓,{GIRL}: The screws were loose! That is why it popped!,MiniMax H3 (과장 표정),"Medium shot of {GIRL} wagging her finger then folding her arms, frowning, toy ice cream machine leaking goo at right, sofa behind","She wags her finger while talking, then crosses her arms firmly, static camera",0xD6345B
83,219.767,220.8,1.033,MS,eye,static,Lily,conflict,없음(같은 샷 계속),흥 콧소리(추정),흥!,{GIRL}: Hmph!,MiniMax H3 (과장 표정),"Medium shot of {GIRL} with arms crossed, eyes closed, lips pouted, turning her head away in a huff, toy ice cream machine at right","She huffs and turns her chin away, static camera",0xD6345B
84,220.8,223.2,2.4,LS,eye,static,둘,conflict,하드컷,,젤리 탓,{BOY}: You stuffed in too many gummies!,Kling 3.0 Omni (참조 고정),"Wide eye-level shot of {GIRL} on the left and {BOY} on the right facing each other across a toy ice cream machine on the coffee table, the boy leaning in and pointing at the machine, living room splattered with pink, chocolate and green goo","The boy leans toward the machine and points accusingly, the girl throws her arms out in protest, static camera",0xD6345B
85,223.2,225.033,1.833,LS,eye,static,둘,conflict,없음(같은 샷 계속),,숨 고르기,(no line),Kling 3.0 Omni (참조 고정),"Wide shot of {BOY} straightening up with a scowl and {GIRL} raising her hand to argue, toy ice cream machine between them, goo-covered living room","The boy steps back and folds his arms, the girl lifts her hand, static camera",0xD6345B
86,225.033,228.067,3.034,LS,eye,static,Lily,conflict,없음(같은 샷 계속),,초콜릿 탓,{GIRL}: You pushed a big chocolate bar inside!,Kling 3.0 Omni (참조 고정),"Wide shot of {GIRL} on the left waving both arms while arguing, {BOY} standing stiff on the right with a sulky face, toy ice cream machine on the table between them, goo-splattered living room","The girl gestures wildly while scolding, the boy stays still and frowns, static camera",0xD6345B
87,228.067,228.167,0.1,LS,eye,static,둘,conflict,없음(같은 샷 계속),,대치,(no line),편집 효과만,Wide shot of {GIRL} and {BOY} glaring at each other beside a toy ice cream machine in a goo-covered living room,"Hold the pose, static camera",0xD6345B
88,228.167,230.6,2.433,INSERT,low,static,둘,conflict,하드컷,끈적 스퀴시 발구름(추정),발 동동,(no line — squishy stomps only),Flow Omni Flash (시작+끝 프레임 8초 · 기본),"Low-angle floor-level insert of two pairs of kids' legs, white sneakers on the left and pink sneakers on the right, stomping in puddles of chocolate, strawberry, milk and green cream on a patterned rug, sticky strings stretching from the soles","The feet stomp one after another, sticky goo stretches and drips from the shoes, static camera at floor level",0xD6345B
89,230.6,230.783,0.183,INSERT,low,static,둘,twist,페이드아웃(암전),,암전,(no line),편집 효과만,"Same floor-level shot of the sneakers in goo puddles, darkening",Quick fade to black,0x2F6FD6
90,230.783,232.767,1.984,CU,eye,static,기타,twist,페이드인(암전 후),철컥 열쇠 + 끼익 문(추정),누가 왔다,(no line — key click and door creak),Flow Omni Flash (시작+끝 프레임 8초 · 기본),"Close-up of a brass front-door lever handle with a key in the lock seen from inside, white door, the door frame at left smeared with dripping pink and chocolate cream, daylight at the edge","The key turns with a click, the handle drops, and the door swings open letting bright daylight in, static camera",0x2F6FD6
91,232.767,237.533,4.766,MS,eye,static,둘,twist,하드컷,,큰일 났다,{GIRL}: Uh-oh. They are home!,Kling 3.0 Omni (참조 고정),"Medium two-shot of {BOY} and {GIRL} with cream smudges on their faces and clothes, wide-eyed and frozen, turning toward an off-screen door, toy ice cream machine on the table at right, goo-splattered wall and sofa behind","Both kids slowly turn their heads, eyes widen, mouths drop open in fear, static camera",0x2F6FD6
92,237.533,244.533,7.0,LS,eye,static,Mom,twist,하드컷,,부모 귀가,{MOM}: We are home with the cones! ... Oh my goodness!,Kling 3.0 Omni (참조 고정),"Wide eye-level shot of {MOM} holding a basket of strawberries and {DAD} holding a paper bag of waffle cones standing just inside an open front door, sunny garden outside, the living room wall in the right foreground splattered with dripping chocolate and strawberry cream","The parents step in smiling, then freeze, their smiles fade and their mouths fall open in shock, static camera",0x2F6FD6
93,244.533,246.267,1.734,LS,high,static,둘,twist,하드컷,,부모 시점,(no line — silent pause),정지 이미지 + 편집 줌,"High-angle wide shot of a living room completely covered in pink, chocolate and green cream, gummy bears everywhere, {BOY} and {GIRL} standing small in the center with heads down, a toppled toy ice cream machine in the lower-left foreground, goo-covered sofas on both sides","Nearly still, the kids shuffle nervously, very slow push-in",0x2F6FD6
94,246.267,246.433,0.166,MS,eye,static,Mom,twist,하드컷,,충격,(no line),편집 효과만,"Medium two-shot of {MOM} holding strawberries and {DAD} holding a paper bag, both gasping, goo-splattered wall behind","Hold the shocked expressions, static camera",0x2F6FD6
95,246.433,249.167,2.734,MS,eye,static,Mom,twist,없음(같은 샷 계속),,무슨 짓이야,"{MOM}: Kids, what happened to our room?",Kling 3.0 Omni (참조 고정),"Medium two-shot at eye level, {MOM} on the left holding a basket of strawberries, {DAD} on the right holding a paper bag, both staring in disbelief, toy ice cream machine on the table in front, wall behind splattered with strawberry cream and gummy bears","The mother speaks with raised eyebrows, the father's jaw drops, static camera",0x2F6FD6
96,249.167,249.367,0.2,MS,eye,static,Mom,twist,없음(같은 샷 계속),,정적,(no line),편집 효과만,Medium two-shot of {MOM} and {DAD} frozen in shock in a goo-splattered living room,"Hold, static camera",0x2F6FD6
97,249.367,253.867,4.5,MS,eye,static,둘,payoff,하드컷,,첫 사과,{BOY} and {GIRL}: Sorry... we are really sorry.,Kling 3.0 Omni (참조 고정),"Medium two-shot of {BOY} and {GIRL} standing side by side with heads down and sad faces, cream smudges on their faces, toy ice cream machine at right, sofa covered in pink and chocolate goo behind","They look up shyly, mumble an apology, and lower their heads again, static camera",0x2FA36B
98,253.867,254.2,0.333,LS,eye,static,가족,payoff,하드컷,코웃음(원문 [snorts]),훈계 시작,(no line — a sigh),Kling 3.0 Omni (참조 고정),"Wide eye-level shot of {MOM} and {DAD} standing on the left looking down at {BOY} and {GIRL} on the right, grocery bag on the floor, sofa and wall behind dripping with pink, chocolate and green goo","The father exhales through his nose and looks down at the kids, static camera",0x2FA36B
99,254.2,255.667,1.467,LS,eye,static,Dad,payoff,없음(같은 샷 계속),,기억나니?,{DAD}: Do you remember our one rule?,Kling 3.0 Omni (참조 고정),"Wide shot of {DAD} with hands on hips speaking to {BOY} and {GIRL} who look up at him, {MOM} beside him, goo-covered living room behind","The father asks a calm but firm question, the kids look up nervously, static camera",0x2FA36B
100,255.667,256.433,0.766,LS,eye,static,Dad,payoff,없음(같은 샷 계속),,팔짱,(no line),Kling 3.0 Omni (참조 고정),"Wide shot of {DAD} folding his arms while {BOY} and {GIRL} look away, {MOM} standing quietly, goo-covered living room","The father slowly crosses his arms, the kids drop their eyes, static camera",0x2FA36B
101,256.433,258.3,1.867,LS,eye,static,Dad,payoff,없음(같은 샷 계속),,약속 확인,"{DAD}: We asked you to wait for us, right?",Kling 3.0 Omni (참조 고정),"Wide shot of {DAD} with folded arms speaking firmly, {BOY} and {GIRL} hanging their heads, {MOM} beside him with hands clasped, goo-covered living room","The father tilts his head and speaks, both kids bow their heads lower, static camera",0x2FA36B
102,258.3,258.4,0.1,LS,eye,static,가족,payoff,없음(같은 샷 계속),,침묵,(no line),편집 효과만,"Wide shot of the family standing still, kids with heads down, goo-covered living room","Hold, static camera",0x2FA36B
103,258.4,260.367,1.967,MCU,ots,static,Henry,payoff,하드컷,,아빠께 사과,"{BOY}: Dad, I am really sorry.",Flow Omni Flash (시작+끝 프레임 8초 · 기본),"Over-the-shoulder medium close-up from behind {DAD}'s blurred green shirt shoulder on the left, {BOY} on the right looking up with teary guilty eyes, chocolate smudges around his mouth, blurred sofa and dripping rainbow goo behind","The boy looks up and apologizes softly, eyebrows tilted with guilt, static camera",0x2FA36B
104,260.367,264.767,4.4,MCU,ots,static,Henry,payoff,없음(같은 샷 계속),,잘못 고백,{BOY}: I wanted to do it alone. I was mean to my sister.,Flow Omni Flash (시작+끝 프레임 8초 · 기본),"Over-the-shoulder medium close-up of {BOY} past {DAD}'s blurred shoulder, confessing with a guilty face, then lowering his head, chocolate on his cheek","The boy talks quietly, glances aside, and slowly bows his head, static camera",0x2FA36B
105,264.767,265.033,0.266,MCU,ots,static,Henry,payoff,없음(같은 샷 계속),,반성,(no line),편집 효과만,"Over-the-shoulder close shot of {BOY} with his head bowed, blurred shoulder in foreground","Hold, static camera",0x2FA36B
106,265.033,267.433,2.4,MCU,ots,static,Lily,payoff,하드컷,,엄마께 사과,"{GIRL}: Mommy, I am sorry too.",Flow Omni Flash (시작+끝 프레임 8초 · 기본),"Medium close-up of {GIRL} between two blurred foreground figures, {BOY}'s red shirt on the left and {MOM}'s striped top on the right, the girl holding her brother's shirt hem and looking up with teary eyes, pink cream on her nose and cheeks","She tugs her brother's shirt, looks up at her mother, and apologizes in a small voice, static camera",0x2FA36B
107,267.433,270.733,3.3,MCU,ots,static,Lily,payoff,없음(같은 샷 계속),,잘못 고백,{GIRL}: I pushed in too many candies and grabbed the handle.,Flow Omni Flash (시작+끝 프레임 8초 · 기본),"Medium close-up of {GIRL} still holding {BOY}'s shirt hem, confessing sadly, then bowing her head so her red hair bow shows, blurred {MOM} at right","She speaks with trembling lips, then drops her head, static camera",0x2FA36B
108,270.733,270.933,0.2,MCU,ots,static,Lily,payoff,없음(같은 샷 계속),,반성,(no line),편집 효과만,"Medium close-up of {GIRL} with her head bowed, blurred figures on both sides","Hold, static camera",0x2FA36B
109,270.933,272.2,1.267,MS,eye,static,Mom,payoff,하드컷,,원인 발견,{MOM}: Look what I found on the floor.,Flow Omni Flash (시작+끝 프레임 8초 · 기본),"Medium shot of {MOM} kneeling by a beige sofa stained with strawberry cream, holding out her open palm toward the camera with a small black rubber ring and a blue plastic safety pin, {BOY} and {GIRL} peeking from behind a toy ice cream machine at right","The mother reaches her palm toward the camera to show the tiny parts, the kids lean in to look, static camera",0x2FA36B
110,272.2,275.067,2.867,MS,eye,static,Mom,payoff,없음(같은 샷 계속),,빠진 부품,{MOM}: You forgot this little ring and this pin.,Flow Omni Flash (시작+끝 프레임 8초 · 기본),"Medium shot of {MOM} kneeling and explaining gently while holding a rubber ring and a blue safety pin on her palm, kids listening behind at right","She talks calmly and taps the parts in her palm, static camera",0x2FA36B
111,275.067,277.167,2.1,MS,eye,static,Mom,payoff,없음(같은 샷 계속),,그래서 펑,{MOM}: So that is why it went boom.,Flow Omni Flash (시작+끝 프레임 8초 · 기본),"Medium shot of {MOM} rising from kneeling to standing beside a beige sofa, eyes closed with a sigh, {BOY} and {GIRL} behind her next to the toy ice cream machine","She finishes speaking and stands up, her face leaving the top of the frame, static camera",0x2FA36B
112,277.167,280.6,3.433,MLS,eye,static,Dad,payoff,하드컷,,벌칙,{DAD}: Clean it all up first. Then we can have ice cream.,Kling 3.0 Omni (참조 고정),"Medium-long shot of {DAD} standing in the center handing a mop to {BOY} on the left and a yellow cloth to {GIRL} on the right, pointing around the room, walls and sofa with pink, chocolate and green goo stains, bright window behind","The father hands over the mop and cloth, then points firmly around the room, static camera",0x2FA36B
113,280.6,283.667,3.067,MLS,eye,static,Dad,payoff,없음(같은 샷 계속),,청소 시작,"{DAD}: Okay, start now, you two!",Kling 3.0 Omni (참조 고정),"Medium-long shot of {DAD} pointing at the messy room while {BOY} holds a mop and {GIRL} holds a yellow cloth, goo-stained living room","The father gives a final nod and points, the kids grip their tools, then fade to black",0x2FA36B
114,283.667,283.883,0.216,MLS,eye,static,둘,payoff,페이드인(암전 후),,시간 경과,(no line),편집 효과만,"Medium-long shot of {GIRL} wiping a stained sofa with a yellow sponge on the left and {BOY} mopping the floor on the right, bright window light, toy ice cream machine on a side table",Fade in from black as the kids start cleaning,0x2FA36B
115,283.883,284.533,0.65,MLS,eye,static,둘,payoff,없음(같은 샷 계속),반짝 효과음(추정),청소 중,(no line — scrubbing sounds),Flow Omni Flash (시작+끝 프레임 8초 · 기본),"Medium-long shot in a sunny living room, {GIRL} on the left scrubbing a beige sofa with a yellow sponge, {BOY} on the right pushing a flat mop across the wooden floor, faint pink and green stains left, toy ice cream machine on a small table by the window","The girl scrubs in circles, the boy mops back and forth, little sparkles appear where the floor gets clean, static camera",0x2FA36B
116,284.533,287.767,3.234,MLS,eye,static,Lily,payoff,없음(같은 샷 계속),,역할 분담,"{GIRL}: I will clean the sofa. You do the floor, okay?",Flow Omni Flash (시작+끝 프레임 8초 · 기본),"Medium-long shot of {GIRL} wiping the sofa and turning her head to talk to {BOY}, who keeps mopping by the bright window, cleaning tools in hand","The girl turns to her brother and speaks cheerfully, he nods and keeps mopping, static camera",0x2FA36B
117,287.767,290.333,2.566,MLS,eye,static,둘,payoff,없음(같은 샷 계속),반짝 효과음(추정),함께 청소,(no line),Flow Omni Flash (시작+끝 프레임 8초 · 기본),"Medium-long shot of {GIRL} and {BOY} smiling while cleaning, the floor shining with sparkles, sunny window behind","Both keep cleaning with small smiles, sparkles twinkle on the floor, static camera",0x2FA36B
118,290.333,292.4,2.067,MS,eye,static,둘,payoff,하드컷,,다 깨끗,{BOY}: There. Now you are clean too!,Flow Omni Flash (시작+끝 프레임 8초 · 기본),"Medium shot of {GIRL} and {BOY} sitting cross-legged facing each other on a clean patterned rug, the boy gently wiping a dot of pink cream off her nose with his finger, she giggles with eyes closed and hands clasped, clean sofa and coffee table behind","The boy wipes her nose tip, she scrunches her face and giggles, static camera",0x2FA36B
119,292.4,294.7,2.3,MS,eye,static,Henry,payoff,없음(같은 샷 계속),,동생에게 사과,{BOY}: I am sorry I shouted at you before.,Flow Omni Flash (시작+끝 프레임 8초 · 기본),"Medium shot of {BOY} sitting cross-legged and apologizing kindly to {GIRL}, who smiles back, clean living room behind","The boy speaks softly with a shy smile, the girl listens and smiles, static camera",0x2FA36B
120,294.7,297.233,2.533,MS,eye,static,둘,payoff,없음(같은 샷 계속),짝 하이파이브(추정),화해,{GIRL}: It is okay! High five!,Flow Omni Flash (시작+끝 프레임 8초 · 기본),"Medium shot of {GIRL} and {BOY} sitting cross-legged on a clean rug giving each other a high five, both laughing, clean sofa behind","The girl beams, both raise their hands and clap them together in a high five, static camera",0x2FA36B
121,297.233,301.333,4.1,MS,eye,static,가족,payoff,하드컷,,올바른 조립,"{DAD}: First the ring, then click the pin. Step by step.",Kling 3.0 Omni (참조 고정),"Medium shot of the family around a wooden coffee table, {DAD} kneeling at left pointing at a picture instruction sheet, {BOY} holding a yellow screwdriver, {MOM} leaning in behind, {GIRL} at right fitting a part into a pink-and-blue toy ice cream machine, waffle cones and a bowl of strawberries on the table, warm sunlight","The father points to a step on the sheet, the girl presses a ring into place, the boy watches closely, static camera",0x2FA36B
122,301.333,304.267,2.934,MS,eye,static,가족,payoff,없음(같은 샷 계속),,함께 웃음,(no line — family laughter),Kling 3.0 Omni (참조 고정),"Medium shot of {BOY} and {GIRL} looking up proudly at {DAD} and {MOM} beside the rebuilt toy ice cream machine, everyone smiling warmly, sunny living room","The kids lift their faces and grin, the parents chuckle, static camera",0x2FA36B
123,304.267,308.0,3.733,CU,eye,static,Henry,payoff,하드컷,끼릭끼릭 나사 소리(추정),살살 조이기,{DAD}: Turn it slowly. Not too hard.,Flow Omni Flash (시작+끝 프레임 8초 · 기본),"Close-up of {BOY} concentrating while turning a yellow screwdriver into a screw on the side of a pink-and-blue toy ice cream machine, {DAD}'s arm and green sleeve blurred in the left foreground guiding him, soft window light","The boy slowly twists the screwdriver with focus, the father's hand steadies the machine, static camera",0x2FA36B
124,308.0,308.733,0.733,CU,eye,static,Henry,payoff,없음(같은 샷 계속),,마무리,(no line),Flow Omni Flash (시작+끝 프레임 8초 · 기본),"Close-up of {BOY} giving a final twist of the yellow screwdriver on the toy ice cream machine, blurred adult arm in foreground","One last careful twist, static camera",0x2FA36B
125,308.733,311.6,2.867,INSERT,eye,orbit,기타,payoff,하드컷,반짝 효과음(추정),완성!,(no line — sparkle sound),정지 이미지 + 편집 줌,"Product-style insert of a clean pink-and-blue toy ice cream machine with six clear topping jars on top, five colorful dispensers and a blue crank handle, sitting on a wooden table, blurred living room behind, soft window light, shallow depth of field","Slow gentle orbit around the machine, a soft sparkle glints on the jars",0x2FA36B
126,311.6,312.433,0.833,LS,eye,static,가족,payoff,하드컷,,봤지?,{DAD}: Here you go!,Kling 3.0 Omni (참조 고정),"Wide shot of a bright living room with framed photos and plants, {DAD} leaning over a coffee table handing a strawberry ice cream cone to {GIRL} on the left, {MOM} on the right with her hands on {BOY}'s shoulders, rebuilt toy ice cream machine on the table","The father hands the cone to the girl with a warm smile, she reaches out with both hands, static camera",0x2FA36B
127,312.433,315.767,3.334,LS,eye,static,Dad,lesson,없음(같은 샷 계속),,이야기 교훈,{DAD}: Doing it the right way makes it taste even sweeter.,Kling 3.0 Omni (참조 고정),"Wide shot of {DAD} opening his palm while speaking kindly, {GIRL} licking a pink ice cream cone, {MOM} hugging {BOY} from behind, rebuilt toy ice cream machine on the coffee table, bright living room","The father gestures with an open palm as he talks, the girl licks her cone happily, the mother smiles, static camera",0x3A8F8F
128,315.767,317.3,1.533,LS,eye,static,가족,payoff,없음(같은 샷 계속),,행복 웃음,(no line — family laughter),Kling 3.0 Omni (참조 고정),"Wide shot of {GIRL} happily licking a big ice cream cone while {BOY} laughs in {MOM}'s arms and {DAD} smiles, bright living room with plants and framed photos","Everyone laughs, the girl takes a big lick, static camera",0x2FA36B
129,317.3,317.517,0.217,LS,eye,static,가족,payoff,페이드아웃(암전),,이야기 끝,(no line),편집 효과만,Same wide family shot darkening to black,Quick fade to black,0x2FA36B
130,317.517,318.167,0.65,MS,eye,static,둘,review,페이드인(암전 후),반짝 등장음(추정),단어 시간,(no line — sparkle sound),Flow Omni Flash (시작+끝 프레임 8초 · 기본),"Medium shot of {BOY} on the left holding a chocolate ice cream cone and {GIRL} at lower right pointing up at a glowing blank sign board decorated with ice cream and popsicle icons, mint-green playroom with bookshelves, learning posters and a potted plant","Fade in, sparkles burst around the sign, the girl points up excitedly, the boy smiles, static camera",0x607080
131,318.167,320.833,2.666,MS,eye,static,둘,review,없음(같은 샷 계속),,코너 안내,{GIRL}: Now it is word time! Let us learn!,Flow Omni Flash (시작+끝 프레임 8초 · 기본),"Medium shot of {GIRL} pointing at a glowing blank sign board while {BOY} holds a chocolate cone and smiles, mint playroom with posters","The girl announces something cheerfully while pointing, the boy nods, sparkles twinkle, static camera",0x607080
132,320.833,324.867,4.034,MS,eye,static,둘,review,없음(같은 샷 계속),반짝 효과음(추정),따라 해요,{GIRL}: Say the words with us!,Flow Omni Flash (시작+끝 프레임 8초 · 기본),"Medium shot of {GIRL} clasping her hands with a bright smile and {BOY} holding a chocolate cone, glowing sign board above with sparkles falling, mint playroom","The girl clasps her hands and invites the viewer, sparkles drift down, static camera",0x607080
133,324.867,331.533,6.666,MS,eye,static,Henry,review,하드컷,카드 뿅 강조음(추정),단어 1~3,"{BOY}: Number one, ice cream! Number two, machine! Number three, cone!",정지 이미지 + 편집 줌,"Medium shot of {BOY} on the left third pointing at three floating translucent cards on the right showing an ice cream cup, a small ice cream machine and a waffle cone (no text), bright living room window with curtains and a potted plant behind","The boy points to each card in turn and speaks, each card gently enlarges when he points at it, static camera",0x607080
134,331.533,337.233,5.7,MS,eye,static,Lily,review,하드컷,카드 뿅 강조음(추정),단어 4~5,"{GIRL}: Number four, sprinkles! Number five, handle!",정지 이미지 + 편집 줌,"Medium shot of {GIRL} on the left third pointing at two glowing neon cards on the right, a purple card with a sprinkle-covered cone and a blue card with a lever handle (no text), beige sofa in a cozy living room behind","She smiles with closed eyes, then points to each card, the blue card slides forward and enlarges, static camera",0x607080
135,337.233,337.333,0.1,MS,eye,static,가족,lesson,하드컷,,교훈 카드,(no line),편집 효과만,"Medium shot of {DAD}, {MOM}, {BOY} and {GIRL} holding ice cream cones and waving, sunny living room, empty space above their heads for a title","Hold, static camera",0x3A8F8F
136,337.333,344.483,7.15,MS,eye,static,가족,lesson,없음(같은 샷 계속),반짝 효과음(추정),교훈+작별,"{GIRL}: Listen to Mom and Dad and help each other! See you soon, bye-bye!",Kling 3.0 Omni (참조 고정),"Medium shot of {DAD} and {MOM} standing behind {BOY} and {GIRL}, all holding colorful ice cream cones and waving at the camera with big smiles, sunny living room with bookshelves, plants and a sofa, empty space above their heads for a title","The whole family waves happily at the camera, sparkles drift around, slow fade to dark at the end, static camera",0x3A8F8F
137,344.483,344.5,0.017,MS,eye,static,가족,outro,페이드아웃(암전),,끝,(no line),편집 효과만,"Same family waving shot, nearly black",Final fade to black,0x404040
